<?xml version="1.0" encoding="UTF-8" ?>
<!DOCTYPE  mapper PUBLIC "-//mybatis.org//DTD Mapper 3.0//EN" "http://mybatis.org/dtd/mybatis-3-mapper.dtd">

<mapper namespace="com.carrot.dao.BlogDao">

    <!--找出所有的博客-->
    <select id="listBlog" resultMap="ShowBlog">
        select b.id,b.title, b.first_picture,b.flag,b.views,b.appreciation,
        b.share_statement,b.commentabled, b.published,b.recommend,
        b.create_time, b.update_time, b.type_id, b.user_id, b.content,
        b.description,t.id,t.type_name from blog.t_blog b left outer join
        blog.t_type t on b.type_id = t.id
        order by b.update_time desc
    </select>

    <!--新增博客-->
    <insert id="saveBlog" parameterType="com.carrot.entity.Blog">
        insert into blog.t_blog (id,title, first_picture, flag,
        views, appreciation, share_statement,commentabled, published,
        recommend, create_time, update_time, type_id, user_id, content,description)
        values (#{id},#{title},#{firstPicture},#{flag},#{views},#{appreciation},
        #{shareStatement},#{commentabled}, #{published},#{recommend},#{createTime},
        #{updateTime},#{typeId},#{userId},#{content},#{description});
    </insert>

    <!--通过id获取对应博客信息-->
    <select id="getBlog" parameterType="com.carrot.entity.Blog" resultMap="ShowBlog">
        select b.id,b.title,b.first_picture, b.flag, b.views, b.appreciation, b.share_statement,
        b.commentabled, b.published,b.recommend,b.create_time,b.update_time,b.user_id,b.content,b.description,
        b.type_id,t.id,t.type_name from blog.t_blog b left outer join
        blog.t_type t on b.type_id = t.id where b.id = #{id}
    </select>

    <!--搜索对象博客信息-->
    <select id="getAllBlogBySearch" parameterType="com.carrot.vo.BlogQuery" resultMap="blog" >
        <bind name="pattern" value="'%' + title + '%'" />
        select b.id,b.title,b.update_time,b.recommend,b.published,b.type_id,t.id,t.type_name from blog.t_blog b,
        blog.t_type t
        <where>
            <if test="1 == 1">
                b.type_id = t.id
            </if>
            <if test="typeId != null">
                and b.type_id = #{typeId}
            </if>
            <if test="title != null">
                and b.title like #{pattern}
            </if>

        </where>
        order by update_time desc
    </select>

    <select id="getAllBlogQuery" resultMap="blog">
        select id, title, update_time from blog.t_blog where published = true order by update_time desc ;
    </select>

    <!--修改博客-->
    <update id="updateBlog" parameterType="com.carrot.entity.Blog">
        update blog.t_blog set title = #{title}, first_picture = #{firstPicture},
        flag = #{flag}, appreciation = #{appreciation},
         share_statement = #{shareStatement}, commentabled = #{commentabled},
          published = #{published},recommend = #{recommend},
          update_time = #{updateTime}, content=#{content}, description=#{description} where id = #{id};
     </update>

    <!--删除博客-->
    <delete id="deleteBlog" parameterType="com.carrot.entity.Blog">
        delete from blog.t_blog where id = #{id}
    </delete>


    <!--查找推荐的博客-->
    <select id="getRecommendedBlogs" resultMap="recommendedBlog">
        select blog.t_blog.id, blog.t_blog.title from blog.t_blog where blog.t_blog.recommend = 1 order by blog.t_blog.update_time desc limit 5;
    </select>

    <select id="listFirstPageBlog" resultMap="firstPageBlog">
        select b.id,b.title,b.first_picture, b.views,b.update_time,b.description,
        t.type_name , u.nickname, u.avatar
        from blog.t_blog b, blog.t_type t,blog.t_user u
        where b.type_id = t.id and  u.id = b.user_id order by b.update_time desc
    </select>

    <select id="getAllBlogsByQuery" resultMap="firstPageBlog">
        <bind name="pattern" value="'%' + query + '%'" />
        select b.id,b.title,b.first_picture, b.views,b.update_time,b.description,
        t.type_name , u.nickname, u.avatar
        from blog.t_blog b, blog.t_type t,blog.t_user u
        where
            b.type_id = t.id and u.id = b.user_id and b.published = true
            and (b.title like #{pattern} or b.content like #{pattern})
        order by b.update_time desc
    </select>

    <!--博客详细页面显示-->
    <select id="getDetailedBlogById" resultMap="detailedBlog">
        select b.id, b.first_picture, b.flag, b.title, b.content,
        t.type_name, b.views, b.update_time, b.commentabled,
        b.share_statement, b.appreciation, u.nickname, u.avatar
        from blog.t_blog b, blog.t_type t, blog.t_user u
        where b.user_id = u.id and b.type_id = t.id and b.id = #{id}
    </select>

    <!--文章访问自增-->
    <update id="updateViews" parameterType="com.carrot.entity.Blog">
        update blog.t_blog b set b.views = b.views + 1 where b.id = #{id}
    </update>

    <!--分类页面查询-->
    <!--通过typeId找出相应的博客信息-->
    <select id="getFirstPageBlogByTypeId" resultMap="firstPageBlog">
        select b.id, b.title, b.first_picture, b.views,
        b.update_time, b.description, t.type_name,
        u.nickname, u.avatar
        from blog.t_blog b, blog.t_type t, blog.t_user u
        where b.type_id = t.id and b.user_id = u.id and t.id = #{typeId}
        order by b.update_time desc
    </select>

    <resultMap id="ShowBlog" type="com.carrot.entity.Blog">
        <id property="id" column="id"/>
        <result property="appreciation" column="appreciation"/>
        <result property="createTime" column="create_time"/>
        <result property="firstPicture" column="first_picture"/>
        <result property="flag" column="flag"/>
        <result property="published" column="published"/>
        <result property="recommend" column="recommend"/>
        <result property="shareStatement" column="share_statement"/>
        <result property="commentabled" column="commentabled"/>
        <result property="title" column="title"/>
        <result property="updateTime" column="update_time"/>
        <result property="views" column="views"/>
        <result property="content" column="content"/>
        <result property="description" column="description"/>
        <result property="typeId" column="type_id"/>
        <result property="userId" column="user_id"/>

        <association property="type" javaType="com.carrot.entity.Type">
            <id property="id" column="type_id"/>
            <result property="name" column="type_name"/>
        </association>

    </resultMap>

    <resultMap id="blog" type="com.carrot.vo.BlogQuery">
        <id property="id" column="id"/>
        <result property="title" column="title"/>
        <result property="updateTime" column="update_time"/>
        <result property="recommend" column="recommend"/>
        <result property="published" column="published"/>
        <result property="typeId" column="type_id"/>
        <association property="type" javaType="com.carrot.entity.Type">
            <id property="id" column="type_id"/>
            <result property="name" column="type_name"/>
        </association>
    </resultMap>

    <resultMap id="firstPageBlog" type="com.carrot.vo.FirstPageBlog">
        <id property="id" column="id"/>
        <result property="title" column="title"/>
        <result property="firstPicture" column="first_picture"/>
        <result property="views" column="views"/>
        <result property="updateTime" column="update_time"/>
        <result property="description" column="description"/>
        <result property="typeName" column="type_name"/>
        <result property="nickname" column="nickname"/>
        <result property="avatar" column="avatar"/>
    </resultMap>

    <resultMap id="recommendedBlog" type="com.carrot.entity.Blog">
        <id property="id" column="id"/>
        <result property="title" column="title"/>
        <result property="recommend" column="recommend"/>
    </resultMap>

    <resultMap id="detailedBlog" type="com.carrot.vo.DetailedBlog">
        <id property="id" column="id"/>
        <result property="firstPicture" column="first_picture"/>
        <result property="flag" column="flag"/>
        <result property="title" column="title"/>
        <result property="content" column="content"/>
        <result property="typeName" column="type_name"/>
        <result property="views" column="views"/>
        <result property="updateTime" column="update_time"/>
        <result property="commentabled" column="commentabled"/>
        <result property="shareStatement" column="share_statement"/>
        <result property="appreciation" column="appreciation"/>
        <result property="nickname" column="nickname"/>
        <result property="avatar" column="avatar"/>
    </resultMap>

</mapper>