<?xml version="1.0" encoding="UTF-8" ?>
<!DOCTYPE  mapper PUBLIC "-//mybatis.org//DTD Mapper 3.0//EN" "http://mybatis.org/dtd/mybatis-3-mapper.dtd">

<mapper namespace="com.carrot.dao.CommentDao">

    <select id="findByBlogIdParentIdNull" resultMap="showComment">
        select *
        from blog.t_comment c
        where c.blog_id = #{blogId} and c.parent_comment_id = #{blogParentId}
        order by c.create_time
    </select>

    <select id="findByBlogIdParentIdNotNull" resultMap="showComment">
        select *
        from blog.t_comment c
        where c.blog_id = #{blogId} and c.parent_comment_id = #{id}
        order by c.create_time
    </select>

    <insert id="saveComment" parameterType="com.carrot.entity.Comment">
        insert into blog.t_comment (avatar, content, create_time, email, nickname, blog_id, parent_comment_id,adminComment)
        values(#{avatar}, #{content}, #{createTime}, #{email}, #{nickname}, #{blogId}, #{parentCommentId},#{adminComment})
    </insert>

    <delete id="deleteComment">
        delete from blog.t_comment where id = #{id}
    </delete>


    <resultMap id="showComment" type="com.carrot.entity.Comment">
        <id property="id" column="id"/>
        <result property="nickname" column="nickname"/>
        <result property="email" column="email"/>
        <result property="content" column="content"/>
        <result property="avatar" column="avatar"/>
        <result property="createTime" column="create_time"/>
        <result property="blogId" column="blog_id"/>
        <result property="parentCommentId" column="parent_comment_id"/>
        <result property="adminComment" column="adminComment"/>
    </resultMap>


</mapper>