<?xml version="1.0" encoding="UTF-8" ?>
<!DOCTYPE  mapper PUBLIC "-//mybatis.org//DTD Mapper 3.0//EN" "http://mybatis.org/dtd/mybatis-3-mapper.dtd">

<mapper namespace="com.carrot.dao.TypeDao">

    <!--查找所有type数据-->
    <select id="listAllType" resultMap="ShowType">
        select * from blog.t_type
    </select>

    <!--新增Type数据-->
    <insert id="saveType" parameterType="com.carrot.entity.Type">
        insert into blog.t_type values (#{id},#{name})
    </insert>

    <!--通过id查找Type-->
    <select id="getType" resultType="com.carrot.entity.Type">
        select * from blog.t_type where id = #{id}
    </select>

    <!--通过id删除Type-->
    <delete id="deleteType">
        delete from blog.t_type where id = #{id}
    </delete>

    <!--通过名字查找Type-->
    <select id="getTypeByName" resultType="com.carrot.entity.Type">
        select * from blog.t_type where type_name = #{name};
    </select>

    <!--通过id修改名字-->
    <update id="updateType" parameterType="com.carrot.entity.Type">
        update blog.t_type set type_name = #{name} where id = #{id}
    </update>


    <!--通过分类名称查找博客-->
    <select id="listAllBlogByType" resultMap="topType">
        select tid, type_name, counts from (
        select t.id tid,t.type_name type_name,count(b.id) counts
        from blog.t_blog b left join blog.t_type t on b.type_id=t.id
        where b.published=1
        group by t.id
         ) tb order by tb.counts desc
    </select>

    <resultMap id="ShowType" type="com.carrot.entity.Type">
        <id property="id" column="id"/>
        <result property="name" column="type_name"/>
    </resultMap>

    <resultMap id="topType" type="com.carrot.vo.TopType">
        <id property="id" column="tid"/>
        <result property="name" column="type_name"/>
        <result property="counts" column="counts"/>
    </resultMap>
</mapper>